{
  "categories": [
    {
      "id": 0,
      "name": "11522_tx_dyn1"
    },
    {
      "id": 1,
      "name": "11522_tx_ynyn0d1"
    },
    {
      "id": 2,
      "name": "115_1way_ds_w_motor"
    },
    {
      "id": 3,
      "name": "115_3ways_ds_w_motor"
    },
    {
      "id": 4,
      "name": "115_breaker"
    },
    {
      "id": 5,
      "name": "115_buffer"
    },
    {
      "id": 6,
      "name": "115_cvt_1p"
    },
    {
      "id": 7,
      "name": "115_cvt_3p"
    },
    {
      "id": 8,
      "name": "115_ds"
    },
    {
      "id": 9,
      "name": "115_gs"
    },
    {
      "id": 10,
      "name": "115_gs_w_motor"
    },
    {
      "id": 11,
      "name": "115_la"
    },
    {
      "id": 12,
      "name": "115_vt_1p"
    },
    {
      "id": 13,
      "name": "115_vt_3p"
    },
    {
      "id": 14,
      "name": "22_breaker"
    },
    {
      "id": 15,
      "name": "22_cap_bank"
    },
    {
      "id": 16,
      "name": "22_ds"
    },
    {
      "id": 17,
      "name": "22_ds_la_out"
    },
    {
      "id": 18,
      "name": "22_ds_out"
    },
    {
      "id": 19,
      "name": "22_gs"
    },
    {
      "id": 20,
      "name": "22_ll"
    },
    {
      "id": 21,
      "name": "22_vt_1p"
    },
    {
      "id": 22,
      "name": "22_vt_3p"
    },
    {
      "id": 23,
      "name": "BCU"
    },
    {
      "id": 24,
      "name": "DIM"
    },
    {
      "id": 25,
      "name": "DPM"
    },
    {
      "id": 26,
      "name": "LL"
    },
    {
      "id": 27,
      "name": "NGR"
    },
    {
      "id": 28,
      "name": "NGR_future"
    },
    {
      "id": 29,
      "name": "Q"
    },
    {
      "id": 30,
      "name": "ground"
    },
    {
      "id": 31,
      "name": "relays"
    },
    {
      "id": 32,
      "name": "remote_io_module"
    },
    {
      "id": 33,
      "name": "ss_auto_mode"
    },
    {
      "id": 34,
      "name": "ss_man_mode"
    },
    {
      "id": 35,
      "name": "sync_auto_25"
    },
    {
      "id": 36,
      "name": "sync_manual_bus"
    },
    {
      "id": 37,
      "name": "tele_protection"
    },
    {
      "id": 38,
      "name": "terminator_double"
    },
    {
      "id": 39,
      "name": "terminator_single"
    },
    {
      "id": 40,
      "name": "terminator_w_future"
    },
    {
      "id": 41,
      "name": "v_m"
    },
    {
      "id": 42,
      "name": "v_m_digital"
    }
  ],
  "info": {
    "year": 2023,
    "version": "1.0",
    "contributor": "Label Studio"
  }
}